rollout,runtime,best_reward,num_states
0,0.23000764846801758,1.7916221618652344,32
1,0.459761381149292,1.7916221618652344,62
2,0.6932773590087891,1.7916221618652344,92
3,0.9272499084472656,1.7916221618652344,122
4,1.1783192157745361,1.7916221618652344,152
5,1.4374282360076904,1.7916221618652344,182
6,1.6954889297485352,1.7916221618652344,212
7,1.9555988311767578,1.7916221618652344,242
8,2.2152044773101807,1.7916221618652344,272
9,2.4584572315216064,1.7916221618652344,302
