rollout,runtime,best_reward,num_states
0,0.14563608169555664,0.9228134155273438,21
1,0.2910330295562744,0.9228134155273438,40
2,0.4343094825744629,0.9228134155273438,59
3,0.5772199630737305,0.9228134155273438,78
4,0.7197086811065674,0.9228134155273438,97
5,0.8630685806274414,0.9228134155273438,116
6,1.007582187652588,0.9228134155273438,135
7,1.1500835418701172,0.9228134155273438,154
8,1.291106939315796,0.9228134155273438,173
9,1.4321486949920654,0.9228134155273438,192
