rollout,runtime,best_reward,num_states
0,0.15120458602905273,0.9028415679931641,21
1,0.29750633239746094,0.9028415679931641,40
2,0.44403672218322754,0.9028415679931641,59
3,0.5899639129638672,1.1733627319335938,78
4,0.7358441352844238,1.1733627319335938,97
5,0.8809831142425537,1.1733627319335938,116
6,1.0275444984436035,1.1733627319335938,135
7,1.175795316696167,1.1733627319335938,154
8,1.323554515838623,1.1733627319335938,173
9,1.4726879596710205,1.1733627319335938,192
