rollout,runtime,best_reward,num_states
0,0.3092818260192871,0.33515769243240356,39
1,0.6153008937835693,0.3354122042655945,76
2,0.9377870559692383,0.3354122042655945,113
3,1.25042724609375,0.3354122042655945,150
4,1.548893690109253,0.3354122042655945,187
5,1.8490335941314697,0.3354122042655945,224
6,2.157262086868286,0.3354122042655945,261
7,2.4725775718688965,0.3354122042655945,298
8,2.7757554054260254,0.3354122042655945,335
9,3.0816776752471924,0.3354122042655945,372
