rollout,runtime,best_reward,num_states
0,0.1835341453552246,1.9695886373519897,25
1,0.36485958099365234,1.9695886373519897,48
2,0.5484273433685303,1.9695886373519897,71
3,0.7304782867431641,1.9695886373519897,94
4,0.9125909805297852,1.9695886373519897,117
5,1.0932567119598389,1.9695886373519897,140
6,1.2723784446716309,1.9695886373519897,163
7,1.4523694515228271,1.9695886373519897,186
8,1.6327269077301025,1.9695886373519897,209
9,1.9180939197540283,1.9695886373519897,232
