rollout,runtime,best_reward,num_states
0,0.30092740058898926,0.7121396958827972,39
1,0.6009945869445801,0.7121396958827972,76
2,0.9006950855255127,0.7121396958827972,113
3,1.2024545669555664,0.7121396958827972,150
4,1.5031816959381104,0.7121396958827972,187
5,1.8047304153442383,0.7121396958827972,224
6,2.1048953533172607,0.7121396958827972,261
7,2.405280590057373,0.7121396958827972,298
8,2.7041308879852295,0.7121396958827972,335
9,3.002143383026123,0.7121396958827972,372
