rollout,runtime,best_reward,num_states
0,0.28505873680114746,2.629826545715332,39
1,0.5676326751708984,2.629826545715332,76
2,0.8517723083496094,2.629826545715332,113
3,1.1360054016113281,2.629826545715332,150
4,1.4209203720092773,2.629826545715332,187
5,1.7034144401550293,2.629826545715332,224
6,1.988938570022583,2.629826545715332,261
7,2.2912752628326416,2.629826545715332,298
8,2.5958251953125,2.629826545715332,335
9,2.889298439025879,2.629826545715332,372
