rollout,runtime,best_reward,num_states
0,0.30674195289611816,-0.1524190902709961,39
1,0.6065948009490967,-0.1524190902709961,76
2,0.909233570098877,-0.1524190902709961,113
3,1.2158794403076172,-0.1524190902709961,150
4,1.5160977840423584,-0.1524190902709961,187
5,1.8145146369934082,-0.1524190902709961,224
6,2.1147241592407227,-0.1524190902709961,261
7,2.412419080734253,-0.1524190902709961,298
8,2.7090651988983154,-0.1524190902709961,335
9,3.0071401596069336,-0.1524190902709961,372
