rollout,runtime,best_reward,num_states
0,0.29973936080932617,-0.23116016387939453,39
1,0.6031250953674316,-0.23116016387939453,76
2,0.9067695140838623,-0.23116016387939453,113
3,1.2098138332366943,-0.23116016387939453,150
4,1.5114939212799072,-0.23116016387939453,187
5,1.8139679431915283,-0.23116016387939453,224
6,2.1182281970977783,-0.23116016387939453,261
7,2.422245979309082,-0.23116016387939453,298
8,2.725527286529541,-0.23116016387939453,335
9,3.0285794734954834,-0.23116016387939453,372
