rollout,runtime,best_reward,num_states
0,0.1450648307800293,1.5989980697631836,21
1,0.28407740592956543,1.5989980697631836,40
2,0.4237663745880127,1.5989980697631836,59
3,0.5651748180389404,1.5989980697631836,78
4,0.7063462734222412,1.5989980697631836,97
5,0.8606142997741699,1.636723518371582,116
6,1.0065922737121582,1.636723518371582,135
7,1.1582050323486328,1.636723518371582,154
8,1.3126254081726074,1.636723518371582,173
9,1.4514286518096924,1.9675893783569336,192
